account,average_price,cancel,created_at,cumulative_quantity,execution_state,extended_hours,fees,first_execution_at,id,instrument,last_trail_price,last_trail_price_updated_at,last_transaction_at,num_of_executions,override_day_trade_checks,override_dtbp_checks,position,price,quantity,ref_id,reject_reason,response_category,settlement_date,side,state,stop_price,stop_triggered_at,symbol,time_in_force,trigger,type,updated_at,url
https://api.robinhood.com/accounts/510093503/,67.25730000,None,2019-08-13T13:49:30.390738Z,1.00000,completed,False,0.00,2019-08-13T13:49:30.599000Z,461c0330-2dc1-460e-bd89-312ff0c16c53,https://api.robinhood.com/instruments/6dd2e46c-e820-4632-9d1e-d9c53770833d/,None,None,2019-08-13T13:49:30.599000Z,1,False,False,https://api.robinhood.com/accounts/510093503/positions/6dd2e46c-e820-4632-9d1e-d9c53770833d/,70.63000000,1.00000,4ee9ef18-adb1-4836-9f0e-00da2924edb8,None,unknown,2019-08-15,buy,filled,None,None,IRBT,gfd,immediate,market,2019-08-13T13:49:31.056079Z,https://api.robinhood.com/orders/461c0330-2dc1-460e-bd89-312ff0c16c53/
https://api.robinhood.com/accounts/510093503/,None,None,2019-08-12T19:49:33.072240Z,0.00000,cancelled,False,0.00,,3ff038d5-3fa0-4492-8ad7-1cf20646cc73,https://api.robinhood.com/instruments/940fc3f5-1db5-4fed-b452-f3a2e4562b5f/,None,None,2019-08-12T20:40:00.163000Z,0,False,False,https://api.robinhood.com/accounts/510093503/positions/940fc3f5-1db5-4fed-b452-f3a2e4562b5f/,32.25000000,2.00000,a0cf73b8-f8bd-4750-8844-bc7fbbebf442,None,end_of_day,,buy,cancelled,None,None,AMD,gfd,immediate,limit,2019-08-12T20:40:00.673897Z,https://api.robinhood.com/orders/3ff038d5-3fa0-4492-8ad7-1cf20646cc73/
https://api.robinhood.com/accounts/510093503/,33.38050000,None,2019-08-09T13:02:41.686062Z,3.00000,completed,True,0.02,2019-08-09T13:02:41.812000Z,fb51edcb-7ca2-4fe9-9cec-5c19b5679c48,https://api.robinhood.com/instruments/940fc3f5-1db5-4fed-b452-f3a2e4562b5f/,None,None,2019-08-09T13:02:41.812000Z,1,False,False,https://api.robinhood.com/accounts/510093503/positions/940fc3f5-1db5-4fed-b452-f3a2e4562b5f/,31.72000000,3.00000,5d29eb9d-874e-4ba2-8887-2e5c547443d4,None,unknown,2019-08-13,sell,filled,None,None,AMD,gfd,immediate,market,2019-08-09T13:02:42.342385Z,https://api.robinhood.com/orders/fb51edcb-7ca2-4fe9-9cec-5c19b5679c48/
https://api.robinhood.com/accounts/510093503/,None,None,2019-08-09T12:25:27.953907Z,0.00000,cancelled,False,0.00,,1c8fe8d3-e06d-43a2-ac86-75980042277d,https://api.robinhood.com/instruments/940fc3f5-1db5-4fed-b452-f3a2e4562b5f/,None,None,2019-08-09T14:24:59.767000Z,0,False,False,https://api.robinhood.com/accounts/510093503/positions/940fc3f5-1db5-4fed-b452-f3a2e4562b5f/,None,4.00000,5d9ff575-d074-422c-94fb-81707e698259,None,unknown,,sell,cancelled,32.00000000,None,AMD,gfd,stop,market,2019-08-09T14:25:00.166094Z,https://api.robinhood.com/orders/1c8fe8d3-e06d-43a2-ac86-75980042277d/
https://api.robinhood.com/accounts/510093503/,None,None,2019-08-08T13:50:50.141784Z,0.00000,cancelled,False,0.00,,f9abd3ab-798d-4a6c-ad8c-c2c4e8484089,https://api.robinhood.com/instruments/940fc3f5-1db5-4fed-b452-f3a2e4562b5f/,None,None,2019-08-08T20:00:01.144000Z,0,False,False,https://api.robinhood.com/accounts/510093503/positions/940fc3f5-1db5-4fed-b452-f3a2e4562b5f/,None,5.00000,1b3d65ea-9fe2-4f16-97af-b02423e0cafb,None,end_of_day,,sell,cancelled,27.00000000,None,AMD,gfd,stop,market,2019-08-08T20:00:03.966343Z,https://api.robinhood.com/orders/f9abd3ab-798d-4a6c-ad8c-c2c4e8484089/
https://api.robinhood.com/accounts/510093503/,27.91990000,None,2019-08-05T16:56:21.654700Z,2.00000,completed,False,0.00,2019-08-05T16:56:21.768000Z,bcd27c99-1b36-47c5-aa01-294e2cf5d889,https://api.robinhood.com/instruments/940fc3f5-1db5-4fed-b452-f3a2e4562b5f/,None,None,2019-08-05T16:56:21.768000Z,1,False,False,https://api.robinhood.com/accounts/510093503/positions/940fc3f5-1db5-4fed-b452-f3a2e4562b5f/,29.31000000,2.00000,cad22d67-4b34-4b0c-90f0-f4a09054c61a,None,unknown,2019-08-07,buy,filled,None,None,AMD,gfd,immediate,market,2019-08-05T16:56:22.199156Z,https://api.robinhood.com/orders/bcd27c99-1b36-47c5-aa01-294e2cf5d889/
https://api.robinhood.com/accounts/510093503/,28.33990000,None,2019-08-05T13:42:11.109850Z,2.00000,completed,False,0.00,2019-08-05T13:42:11.227000Z,825eadd6-60db-4f57-b4a5-71cc1a0c3446,https://api.robinhood.com/instruments/940fc3f5-1db5-4fed-b452-f3a2e4562b5f/,None,None,2019-08-05T13:42:11.227000Z,1,False,False,https://api.robinhood.com/accounts/510093503/positions/940fc3f5-1db5-4fed-b452-f3a2e4562b5f/,29.72000000,2.00000,57e553cd-47e2-4b23-8408-1c0c5a90b7c1,None,unknown,2019-08-07,buy,filled,None,None,AMD,gfd,immediate,market,2019-08-05T13:42:11.553593Z,https://api.robinhood.com/orders/825eadd6-60db-4f57-b4a5-71cc1a0c3446/
https://api.robinhood.com/accounts/510093503/,29.12500000,None,2019-08-01T18:33:46.445943Z,1.00000,completed,False,0.00,2019-08-01T18:33:46.554000Z,67d19297-6504-4aa0-94c4-1d933acfeaec,https://api.robinhood.com/instruments/940fc3f5-1db5-4fed-b452-f3a2e4562b5f/,None,None,2019-08-01T18:33:46.554000Z,1,False,False,https://api.robinhood.com/accounts/510093503/positions/940fc3f5-1db5-4fed-b452-f3a2e4562b5f/,30.57000000,1.00000,3754c262-e7bc-47a3-9cca-e54aff5053dd,None,success,2019-08-05,buy,filled,None,None,AMD,gfd,immediate,market,2019-08-01T18:33:47.017785Z,https://api.robinhood.com/orders/67d19297-6504-4aa0-94c4-1d933acfeaec/
https://api.robinhood.com/accounts/510093503/,30.31990000,None,2019-07-31T18:52:57.948468Z,3.00000,completed,False,0.00,2019-07-31T18:52:58.110000Z,cee7cf77-3898-4a59-b56a-221b0d6fca6b,https://api.robinhood.com/instruments/940fc3f5-1db5-4fed-b452-f3a2e4562b5f/,None,None,2019-07-31T18:52:58.110000Z,1,False,False,https://api.robinhood.com/accounts/510093503/positions/940fc3f5-1db5-4fed-b452-f3a2e4562b5f/,31.81000000,3.00000,6fa84c5a-edd2-45b2-83b3-cba03257741a,None,unknown,2019-08-02,buy,filled,None,None,AMD,gfd,immediate,market,2019-07-31T18:52:58.584489Z,https://api.robinhood.com/orders/cee7cf77-3898-4a59-b56a-221b0d6fca6b/
https://api.robinhood.com/accounts/510093503/,31.25990000,None,2019-07-31T13:48:32.110411Z,2.00000,completed,False,0.00,2019-07-31T13:48:32.201000Z,d3419e9e-2c20-4bd7-a070-67556fbc8119,https://api.robinhood.com/instruments/940fc3f5-1db5-4fed-b452-f3a2e4562b5f/,None,None,2019-07-31T13:48:32.201000Z,1,False,False,https://api.robinhood.com/accounts/510093503/positions/940fc3f5-1db5-4fed-b452-f3a2e4562b5f/,32.81000000,2.00000,6cc86064-377a-4f86-9c30-0e39024d2d6c,None,unknown,2019-08-02,buy,filled,None,None,AMD,gfd,immediate,market,2019-07-31T13:48:32.712226Z,https://api.robinhood.com/orders/d3419e9e-2c20-4bd7-a070-67556fbc8119/
https://api.robinhood.com/accounts/510093503/,16.51000000,None,2019-07-23T20:24:13.642273Z,1.00000,completed,True,0.02,2019-07-23T20:24:13.907000Z,8af3d0f4-024a-404f-a067-dede519941dc,https://api.robinhood.com/instruments/1e513292-5926-4dc4-8c3d-4af6b5836704/,None,None,2019-07-23T20:24:13.907000Z,1,False,False,https://api.robinhood.com/accounts/510093503/positions/1e513292-5926-4dc4-8c3d-4af6b5836704/,15.72000000,1.00000,e5d37df1-60b6-4b56-b782-4532685bd822,None,unknown,2019-07-25,sell,filled,None,None,SNAP,gfd,immediate,market,2019-07-23T20:24:14.396464Z,https://api.robinhood.com/orders/8af3d0f4-024a-404f-a067-dede519941dc/
https://api.robinhood.com/accounts/510093503/,15.91000000,None,2019-07-23T20:13:56.018130Z,2.00000,completed,True,0.02,2019-07-23T20:13:56.128000Z,672f26e2-c124-4cd4-b580-226d21e37485,https://api.robinhood.com/instruments/1e513292-5926-4dc4-8c3d-4af6b5836704/,None,None,2019-07-23T20:13:56.128000Z,1,False,False,https://api.robinhood.com/accounts/510093503/positions/1e513292-5926-4dc4-8c3d-4af6b5836704/,15.15000000,2.00000,364d0a91-e7a9-4516-af1e-0f472e59890a,None,unknown,2019-07-25,sell,filled,None,None,SNAP,gfd,immediate,market,2019-07-23T20:13:56.661503Z,https://api.robinhood.com/orders/672f26e2-c124-4cd4-b580-226d21e37485/
https://api.robinhood.com/accounts/510093503/,14.02000000,None,2019-07-19T22:01:10.453653Z,1.00000,completed,False,0.00,2019-07-22T13:30:03.087000Z,0391cb13-3228-4a6a-9d6d-43d8e30bbe92,https://api.robinhood.com/instruments/1e513292-5926-4dc4-8c3d-4af6b5836704/,None,None,2019-07-22T13:30:03.087000Z,1,False,False,https://api.robinhood.com/accounts/510093503/positions/1e513292-5926-4dc4-8c3d-4af6b5836704/,14.72000000,1.00000,46ec3281-2720-4477-ac05-0db38205c618,None,unknown,2019-07-24,buy,filled,None,None,SNAP,gfd,immediate,market,2019-07-22T13:31:21.386041Z,https://api.robinhood.com/orders/0391cb13-3228-4a6a-9d6d-43d8e30bbe92/
https://api.robinhood.com/accounts/510093503/,14.15000000,None,2019-07-19T17:37:11.164905Z,1.00000,completed,False,0.00,2019-07-19T17:37:11.269000Z,e9aa4b7e-ee34-40e0-a7a0-686615dde2ee,https://api.robinhood.com/instruments/1e513292-5926-4dc4-8c3d-4af6b5836704/,None,None,2019-07-19T17:37:11.269000Z,1,False,False,https://api.robinhood.com/accounts/510093503/positions/1e513292-5926-4dc4-8c3d-4af6b5836704/,14.85000000,1.00000,0b0f2044-02bf-43ac-bb70-27ff0a758c71,None,unknown,2019-07-23,buy,filled,None,None,SNAP,gfd,immediate,market,2019-07-19T17:37:11.734073Z,https://api.robinhood.com/orders/e9aa4b7e-ee34-40e0-a7a0-686615dde2ee/
https://api.robinhood.com/accounts/510093503/,14.53000000,None,2019-07-18T18:14:48.295259Z,1.00000,completed,False,0.00,2019-07-18T18:14:48.416000Z,8fd33d2f-3e4b-4379-b9d8-d7728bedc313,https://api.robinhood.com/instruments/1e513292-5926-4dc4-8c3d-4af6b5836704/,None,None,2019-07-18T18:14:48.416000Z,1,False,False,https://api.robinhood.com/accounts/510093503/positions/1e513292-5926-4dc4-8c3d-4af6b5836704/,15.25000000,1.00000,9b694dcb-9d1c-49ca-ae84-e06f85bdcfc8,None,unknown,2019-07-22,buy,filled,None,None,SNAP,gfd,immediate,market,2019-07-18T18:14:48.826521Z,https://api.robinhood.com/orders/8fd33d2f-3e4b-4379-b9d8-d7728bedc313/
https://api.robinhood.com/accounts/510093503/,14.66000000,None,2019-07-18T14:31:03.185644Z,1.00000,completed,False,0.00,2019-07-18T14:31:03.288000Z,6f00a11e-db17-4596-bf6a-49561e08c140,https://api.robinhood.com/instruments/1e513292-5926-4dc4-8c3d-4af6b5836704/,None,None,2019-07-18T14:31:03.288000Z,1,False,False,https://api.robinhood.com/accounts/510093503/positions/1e513292-5926-4dc4-8c3d-4af6b5836704/,15.37000000,1.00000,4dbe3599-030c-465e-a97a-b0cfc26e26c9,None,unknown,2019-07-22,buy,filled,None,None,SNAP,gfd,immediate,market,2019-07-18T14:31:03.732897Z,https://api.robinhood.com/orders/6f00a11e-db17-4596-bf6a-49561e08c140/
https://api.robinhood.com/accounts/510093503/,14.84000000,None,2019-07-17T21:51:31.210866Z,1.00000,completed,True,0.00,2019-07-17T21:51:31.286000Z,da2bae23-eeeb-4b10-badb-80215be3e5c5,https://api.robinhood.com/instruments/1e513292-5926-4dc4-8c3d-4af6b5836704/,None,None,2019-07-17T21:51:31.286000Z,1,False,False,https://api.robinhood.com/accounts/510093503/positions/1e513292-5926-4dc4-8c3d-4af6b5836704/,15.58000000,1.00000,2dfde673-1afc-493a-8518-1cd00d662a38,None,unknown,2019-07-19,buy,filled,None,None,SNAP,gfd,immediate,market,2019-07-17T21:51:31.729914Z,https://api.robinhood.com/orders/da2bae23-eeeb-4b10-badb-80215be3e5c5/
https://api.robinhood.com/accounts/510093503/,15.27000000,None,2019-07-16T13:54:56.449295Z,1.00000,completed,False,0.00,2019-07-16T13:54:56.639000Z,c687b973-b7c3-46dc-892f-f3d42aef147c,https://api.robinhood.com/instruments/1e513292-5926-4dc4-8c3d-4af6b5836704/,None,None,2019-07-16T13:54:56.639000Z,1,False,False,https://api.robinhood.com/accounts/510093503/positions/1e513292-5926-4dc4-8c3d-4af6b5836704/,16.02000000,1.00000,f1ae88ab-a0dc-4c0e-a46b-8a85df7d7765,None,unknown,2019-07-18,buy,filled,None,None,SNAP,gfd,immediate,market,2019-07-16T13:54:57.134393Z,https://api.robinhood.com/orders/c687b973-b7c3-46dc-892f-f3d42aef147c/
https://api.robinhood.com/accounts/510093503/,34.34030000,None,2019-07-15T17:14:36.235623Z,1.00000,completed,False,0.02,2019-07-15T17:14:36.380000Z,da3b9100-a3e9-489d-977e-b268c60d206c,https://api.robinhood.com/instruments/940fc3f5-1db5-4fed-b452-f3a2e4562b5f/,None,None,2019-07-15T17:14:36.380000Z,1,False,False,https://api.robinhood.com/accounts/510093503/positions/940fc3f5-1db5-4fed-b452-f3a2e4562b5f/,None,1.00000,ec598c87-f17f-4794-bb9d-245d225de111,None,unknown,2019-07-17,sell,filled,None,None,AMD,gfd,immediate,market,2019-07-15T17:14:36.820602Z,https://api.robinhood.com/orders/da3b9100-a3e9-489d-977e-b268c60d206c/
https://api.robinhood.com/accounts/510093503/,15.73000000,None,2019-07-12T13:59:32.680802Z,1.00000,completed,False,0.02,2019-07-12T13:59:32.799000Z,c34c7f62-b84b-4411-8cb7-16e03484c66e,https://api.robinhood.com/instruments/1e513292-5926-4dc4-8c3d-4af6b5836704/,None,None,2019-07-12T13:59:32.799000Z,1,False,False,https://api.robinhood.com/accounts/510093503/positions/1e513292-5926-4dc4-8c3d-4af6b5836704/,None,1.00000,2476e135-5602-42f6-9a7b-18182cd0c8b1,None,unknown,2019-07-16,sell,filled,None,None,SNAP,gfd,immediate,market,2019-07-12T13:59:33.241364Z,https://api.robinhood.com/orders/c34c7f62-b84b-4411-8cb7-16e03484c66e/
https://api.robinhood.com/accounts/510093503/,33.07000000,None,2019-07-09T19:09:14.416022Z,1.00000,completed,False,0.02,2019-07-09T19:09:14.574000Z,e524eed7-2ffd-4aad-87b5-49eb2130b1ed,https://api.robinhood.com/instruments/940fc3f5-1db5-4fed-b452-f3a2e4562b5f/,None,None,2019-07-09T19:09:14.574000Z,1,False,False,https://api.robinhood.com/accounts/510093503/positions/940fc3f5-1db5-4fed-b452-f3a2e4562b5f/,None,1.00000,c24b44ef-12cf-487c-bb37-58339ece0ac6,None,unknown,2019-07-11,sell,filled,None,None,AMD,gfd,immediate,market,2019-07-09T19:09:15.052851Z,https://api.robinhood.com/orders/e524eed7-2ffd-4aad-87b5-49eb2130b1ed/
https://api.robinhood.com/accounts/510093503/,14.89000000,None,2019-07-09T14:24:44.109767Z,1.00000,completed,False,0.00,2019-07-09T14:24:44.252000Z,de12b8af-ded5-43c2-ad22-a7911039fcd2,https://api.robinhood.com/instruments/1e513292-5926-4dc4-8c3d-4af6b5836704/,None,None,2019-07-09T14:24:44.252000Z,1,False,False,https://api.robinhood.com/accounts/510093503/positions/1e513292-5926-4dc4-8c3d-4af6b5836704/,15.62000000,1.00000,e53200c4-24d7-4837-be4d-1214200e271e,None,unknown,2019-07-11,buy,filled,None,None,SNAP,gfd,immediate,market,2019-07-09T14:24:44.658343Z,https://api.robinhood.com/orders/de12b8af-ded5-43c2-ad22-a7911039fcd2/
https://api.robinhood.com/accounts/510093503/,15.20000000,None,2019-07-05T20:59:57.703678Z,1.00000,completed,True,0.02,2019-07-05T20:59:58.010000Z,fa711a5e-edc4-41d8-8937-d328b1473a58,https://api.robinhood.com/instruments/1e513292-5926-4dc4-8c3d-4af6b5836704/,None,None,2019-07-05T20:59:58.010000Z,1,False,False,https://api.robinhood.com/accounts/510093503/positions/1e513292-5926-4dc4-8c3d-4af6b5836704/,14.46000000,1.00000,5bb0218a-80b9-4d16-bc66-44dcc178a998,None,unknown,2019-07-09,sell,filled,None,None,SNAP,gfd,immediate,market,2019-07-05T20:59:58.450940Z,https://api.robinhood.com/orders/fa711a5e-edc4-41d8-8937-d328b1473a58/
https://api.robinhood.com/accounts/510093503/,29.12000000,None,2019-06-21T20:25:02.507760Z,1.00000,completed,True,0.00,2019-06-21T20:25:02.690000Z,2e8c4fe3-f331-4fa4-b624-ca177b721c87,https://api.robinhood.com/instruments/940fc3f5-1db5-4fed-b452-f3a2e4562b5f/,None,None,2019-06-21T20:25:02.690000Z,1,False,False,https://api.robinhood.com/accounts/510093503/positions/940fc3f5-1db5-4fed-b452-f3a2e4562b5f/,30.57000000,1.00000,9d805862-7e90-4cd7-924d-3717bd266539,None,unknown,2019-06-25,buy,filled,None,None,AMD,gfd,immediate,market,2019-06-21T20:25:03.134165Z,https://api.robinhood.com/orders/2e8c4fe3-f331-4fa4-b624-ca177b721c87/
https://api.robinhood.com/accounts/510093503/,146.26120000,None,2019-06-19T15:08:24.219378Z,1.00000,completed,False,0.02,2019-06-19T15:08:24.352000Z,1c258790-2fd6-4e9d-9f1c-3e4079ac23d2,https://api.robinhood.com/instruments/9c53326c-d07e-4b82-82d2-b108ec5d9530/,None,None,2019-06-19T15:08:24.352000Z,1,False,False,https://api.robinhood.com/accounts/510093503/positions/9c53326c-d07e-4b82-82d2-b108ec5d9530/,None,1.00000,9bf5bca3-bffa-4d7f-bf21-1e8d4667ecf4,None,unknown,2019-06-21,sell,filled,None,None,SPOT,gfd,immediate,market,2019-06-19T15:08:24.825644Z,https://api.robinhood.com/orders/1c258790-2fd6-4e9d-9f1c-3e4079ac23d2/
https://api.robinhood.com/accounts/510093503/,30.80000000,None,2019-06-18T14:58:29.902631Z,1.00000,completed,False,0.02,2019-06-18T14:58:30.004000Z,35537d04-b566-412c-8d68-513b60d708c0,https://api.robinhood.com/instruments/940fc3f5-1db5-4fed-b452-f3a2e4562b5f/,None,None,2019-06-18T14:58:30.004000Z,1,False,False,https://api.robinhood.com/accounts/510093503/positions/940fc3f5-1db5-4fed-b452-f3a2e4562b5f/,None,1.00000,01a49e17-ff98-4caa-bbde-a9f52f01698a,None,unknown,2019-06-20,sell,filled,None,None,AMD,gfd,immediate,market,2019-06-18T14:58:30.427059Z,https://api.robinhood.com/orders/35537d04-b566-412c-8d68-513b60d708c0/
https://api.robinhood.com/accounts/510093503/,14.37000000,None,2019-06-18T14:28:03.487111Z,1.00000,completed,False,0.02,2019-06-18T14:28:03.731000Z,43e281b6-a36d-45d4-8fc9-3febc35a978f,https://api.robinhood.com/instruments/1e513292-5926-4dc4-8c3d-4af6b5836704/,None,None,2019-06-18T14:28:03.731000Z,1,False,False,https://api.robinhood.com/accounts/510093503/positions/1e513292-5926-4dc4-8c3d-4af6b5836704/,None,1.00000,1d405c10-2ea8-4219-907f-431728ea2463,None,unknown,2019-06-20,sell,filled,None,None,SNAP,gfd,immediate,market,2019-06-18T14:28:04.214152Z,https://api.robinhood.com/orders/43e281b6-a36d-45d4-8fc9-3febc35a978f/
https://api.robinhood.com/accounts/510093503/,None,None,2019-06-17T19:02:12.162789Z,0.00000,cancelled,False,0.00,,9c78ec71-0e01-46b4-abc5-150b2dc4de99,https://api.robinhood.com/instruments/9c53326c-d07e-4b82-82d2-b108ec5d9530/,None,None,2019-06-19T15:08:28.771000Z,0,False,False,https://api.robinhood.com/accounts/510093503/positions/9c53326c-d07e-4b82-82d2-b108ec5d9530/,None,1.00000,dfe4bd36-81d0-4c20-8eb2-bdb6a7a95c83,None,unknown,,sell,cancelled,143.00000000,None,SPOT,gtc,stop,market,2019-06-19T15:08:29.176988Z,https://api.robinhood.com/orders/9c78ec71-0e01-46b4-abc5-150b2dc4de99/
https://api.robinhood.com/accounts/510093503/,29.68950000,None,2019-06-17T15:41:01.743611Z,1.00000,completed,False,0.00,2019-06-17T15:41:01.903000Z,85f0dbe8-833f-4bc1-a017-b9492b0b957b,https://api.robinhood.com/instruments/940fc3f5-1db5-4fed-b452-f3a2e4562b5f/,None,None,2019-06-17T15:41:01.903000Z,1,False,False,https://api.robinhood.com/accounts/510093503/positions/940fc3f5-1db5-4fed-b452-f3a2e4562b5f/,31.16000000,1.00000,baa6d831-07db-44f3-9c0d-fbf55bcd1f1e,None,unknown,2019-06-19,buy,filled,None,None,AMD,gfd,immediate,market,2019-06-17T15:41:02.332603Z,https://api.robinhood.com/orders/85f0dbe8-833f-4bc1-a017-b9492b0b957b/
https://api.robinhood.com/accounts/510093503/,30.28720000,None,2019-06-14T14:07:29.256946Z,1.00000,completed,False,0.00,2019-06-14T14:07:29.395000Z,0b7d637d-c0ce-4970-a9e7-09e6d4dceb70,https://api.robinhood.com/instruments/940fc3f5-1db5-4fed-b452-f3a2e4562b5f/,None,None,2019-06-14T14:07:29.395000Z,1,False,False,https://api.robinhood.com/accounts/510093503/positions/940fc3f5-1db5-4fed-b452-f3a2e4562b5f/,31.80000000,1.00000,33d01f08-700d-4b3c-bab8-df799332463e,None,unknown,2019-06-18,buy,filled,None,None,AMD,gfd,immediate,market,2019-06-14T14:07:29.807640Z,https://api.robinhood.com/orders/0b7d637d-c0ce-4970-a9e7-09e6d4dceb70/
https://api.robinhood.com/accounts/510093503/,14.25010000,None,2019-06-13T17:47:48.415493Z,2.00000,completed,False,0.02,2019-06-13T17:47:48.544000Z,26d0efc4-9c44-417a-b8e8-391caa0e2d1b,https://api.robinhood.com/instruments/1e513292-5926-4dc4-8c3d-4af6b5836704/,None,None,2019-06-13T17:47:48.544000Z,1,False,False,https://api.robinhood.com/accounts/510093503/positions/1e513292-5926-4dc4-8c3d-4af6b5836704/,None,2.00000,078e66b2-83db-4f6d-9a98-c0fc8206cb02,None,unknown,2019-06-17,sell,filled,None,None,SNAP,gfd,immediate,market,2019-06-13T17:47:49.060352Z,https://api.robinhood.com/orders/26d0efc4-9c44-417a-b8e8-391caa0e2d1b/
https://api.robinhood.com/accounts/510093503/,32.41000000,None,2019-06-11T19:59:46.205588Z,2.00000,completed,False,0.00,2019-06-11T19:59:46.328000Z,59571152-b61b-47bf-acff-f6539eb2ed3b,https://api.robinhood.com/instruments/940fc3f5-1db5-4fed-b452-f3a2e4562b5f/,None,None,2019-06-11T19:59:46.328000Z,1,False,False,https://api.robinhood.com/accounts/510093503/positions/940fc3f5-1db5-4fed-b452-f3a2e4562b5f/,34.03000000,2.00000,6db0b3f0-bdd4-4f23-b833-69d6c1ad6274,None,unknown,2019-06-13,buy,filled,None,None,AMD,gfd,immediate,market,2019-06-11T19:59:46.782187Z,https://api.robinhood.com/orders/59571152-b61b-47bf-acff-f6539eb2ed3b/
https://api.robinhood.com/accounts/510093503/,13.54990000,None,2019-06-11T19:59:01.052947Z,3.00000,completed,False,0.00,2019-06-11T19:59:01.189000Z,f42d9b57-41cf-4d7a-9d06-2c238433f5bc,https://api.robinhood.com/instruments/1e513292-5926-4dc4-8c3d-4af6b5836704/,None,None,2019-06-11T19:59:01.189000Z,1,False,False,https://api.robinhood.com/accounts/510093503/positions/1e513292-5926-4dc4-8c3d-4af6b5836704/,14.21000000,3.00000,471d4004-d146-44e3-872a-fcb6f3d0ca43,None,unknown,2019-06-13,buy,filled,None,None,SNAP,gfd,immediate,market,2019-06-11T19:59:01.674643Z,https://api.robinhood.com/orders/f42d9b57-41cf-4d7a-9d06-2c238433f5bc/
https://api.robinhood.com/accounts/510093503/,145.43360000,None,2019-06-10T13:42:57.900517Z,1.00000,completed,False,0.02,2019-06-10T13:42:58.050000Z,8e38fc89-edcf-465e-9675-c7735c672499,https://api.robinhood.com/instruments/9c53326c-d07e-4b82-82d2-b108ec5d9530/,None,None,2019-06-10T13:42:58.050000Z,1,False,False,https://api.robinhood.com/accounts/510093503/positions/9c53326c-d07e-4b82-82d2-b108ec5d9530/,None,1.00000,a6a1c330-432a-4d03-ab8c-91b48781f7f6,None,unknown,2019-06-12,sell,filled,None,None,SPOT,gfd,immediate,market,2019-06-10T13:42:58.487752Z,https://api.robinhood.com/orders/8e38fc89-edcf-465e-9675-c7735c672499/
https://api.robinhood.com/accounts/510093503/,139.32500000,None,2019-06-07T16:21:03.575578Z,1.00000,completed,False,0.02,2019-06-07T16:21:03.751000Z,e036b00b-4fa8-4daa-ae27-631e600e0152,https://api.robinhood.com/instruments/9c53326c-d07e-4b82-82d2-b108ec5d9530/,None,None,2019-06-07T16:21:03.751000Z,1,False,False,https://api.robinhood.com/accounts/510093503/positions/9c53326c-d07e-4b82-82d2-b108ec5d9530/,None,1.00000,dee87b0f-57e5-4548-95ad-dbd819017820,None,unknown,2019-06-11,sell,filled,None,None,SPOT,gfd,immediate,market,2019-06-07T16:21:04.216500Z,https://api.robinhood.com/orders/e036b00b-4fa8-4daa-ae27-631e600e0152/
https://api.robinhood.com/accounts/510093503/,13.84000000,None,2019-06-06T18:00:12.352667Z,2.00000,completed,False,0.02,2019-06-06T18:00:12.521000Z,0c79d2a7-415b-4f53-9c29-9a0b837747e7,https://api.robinhood.com/instruments/1e513292-5926-4dc4-8c3d-4af6b5836704/,None,None,2019-06-06T18:00:12.521000Z,1,False,False,https://api.robinhood.com/accounts/510093503/positions/1e513292-5926-4dc4-8c3d-4af6b5836704/,None,2.00000,e6df1b07-4471-45e5-b10e-0aa433a398b7,None,unknown,2019-06-10,sell,filled,None,None,SNAP,gfd,immediate,market,2019-06-06T18:00:12.966018Z,https://api.robinhood.com/orders/0c79d2a7-415b-4f53-9c29-9a0b837747e7/
https://api.robinhood.com/accounts/510093503/,12.85000000,None,2019-06-04T20:43:54.615819Z,3.00000,completed,True,0.02,2019-06-04T20:43:54.803000Z,a93dc5d2-2a29-44f7-a92d-2ffde01036e9,https://api.robinhood.com/instruments/1e513292-5926-4dc4-8c3d-4af6b5836704/,None,None,2019-06-04T20:43:54.803000Z,1,False,False,https://api.robinhood.com/accounts/510093503/positions/1e513292-5926-4dc4-8c3d-4af6b5836704/,12.31000000,3.00000,926dcb1c-9b1a-4f86-9b5d-fb661203cf86,None,unknown,2019-06-06,sell,filled,None,None,SNAP,gfd,immediate,market,2019-06-04T20:43:55.227495Z,https://api.robinhood.com/orders/a93dc5d2-2a29-44f7-a92d-2ffde01036e9/
https://api.robinhood.com/accounts/510093503/,11.67010000,None,2019-05-24T15:29:11.347449Z,7.00000,completed,False,0.02,2019-05-24T15:29:11.472000Z,042d780a-1ef7-4e48-8438-c4fc7d0f451b,https://api.robinhood.com/instruments/1e513292-5926-4dc4-8c3d-4af6b5836704/,None,None,2019-05-24T15:29:11.472000Z,1,False,False,https://api.robinhood.com/accounts/510093503/positions/1e513292-5926-4dc4-8c3d-4af6b5836704/,None,7.00000,b5e7e14d-1a96-44e0-9471-18edc5ed5d80,None,unknown,2019-05-29,sell,filled,None,None,SNAP,gfd,immediate,market,2019-05-24T15:29:12.011599Z,https://api.robinhood.com/orders/042d780a-1ef7-4e48-8438-c4fc7d0f451b/
https://api.robinhood.com/accounts/510093503/,132.94800000,None,2019-05-21T19:37:30.494183Z,1.00000,completed,False,0.00,2019-05-21T19:37:30.610000Z,b6e04c03-ab3a-4638-9443-ed7a1b8217bc,https://api.robinhood.com/instruments/9c53326c-d07e-4b82-82d2-b108ec5d9530/,None,None,2019-05-21T19:37:30.610000Z,1,False,False,https://api.robinhood.com/accounts/510093503/positions/9c53326c-d07e-4b82-82d2-b108ec5d9530/,139.58000000,1.00000,9638d4df-91a0-4439-9936-f9418f25a09d,None,unknown,2019-05-23,buy,filled,None,None,SPOT,gfd,immediate,market,2019-05-21T19:37:31.018736Z,https://api.robinhood.com/orders/b6e04c03-ab3a-4638-9443-ed7a1b8217bc/
https://api.robinhood.com/accounts/510093503/,11.46000000,None,2019-05-21T19:11:50.496697Z,5.00000,completed,False,0.02,2019-05-21T19:11:50.605000Z,f4a79959-d2ad-4fd1-af34-a818575c6907,https://api.robinhood.com/instruments/1e513292-5926-4dc4-8c3d-4af6b5836704/,None,None,2019-05-21T19:11:50.605000Z,1,False,False,https://api.robinhood.com/accounts/510093503/positions/1e513292-5926-4dc4-8c3d-4af6b5836704/,None,5.00000,6a3e053c-9e0a-4d20-84c8-3444d11387f7,None,unknown,2019-05-23,sell,filled,None,None,SNAP,gfd,immediate,market,2019-05-21T19:11:51.096996Z,https://api.robinhood.com/orders/f4a79959-d2ad-4fd1-af34-a818575c6907/
https://api.robinhood.com/accounts/510093503/,11.46500000,None,2019-05-16T14:58:45.546709Z,10.00000,completed,False,0.02,2019-05-16T14:58:45.659000Z,e3d2b39c-6eb2-4d7b-921c-07e9bd36b766,https://api.robinhood.com/instruments/1e513292-5926-4dc4-8c3d-4af6b5836704/,None,None,2019-05-16T14:58:45.659000Z,1,False,False,https://api.robinhood.com/accounts/510093503/positions/1e513292-5926-4dc4-8c3d-4af6b5836704/,None,10.00000,5c137e68-89ef-4ba8-9ef0-71976638c053,None,unknown,2019-05-20,sell,filled,None,None,SNAP,gfd,immediate,market,2019-05-16T14:58:46.162138Z,https://api.robinhood.com/orders/e3d2b39c-6eb2-4d7b-921c-07e9bd36b766/
https://api.robinhood.com/accounts/510093503/,10.86000000,None,2019-05-08T18:52:43.937317Z,5.00000,completed,False,0.00,2019-05-08T18:52:44.080000Z,0ed36fb2-054c-40de-bb42-01a74ba516a6,https://api.robinhood.com/instruments/1e513292-5926-4dc4-8c3d-4af6b5836704/,None,None,2019-05-08T18:52:44.080000Z,1,False,False,https://api.robinhood.com/accounts/510093503/positions/1e513292-5926-4dc4-8c3d-4af6b5836704/,11.40000000,5.00000,f25f22d3-8b1e-4fe5-b51d-67a1f52169c1,None,unknown,2019-05-10,buy,filled,None,None,SNAP,gfd,immediate,market,2019-05-08T18:52:52.408612Z,https://api.robinhood.com/orders/0ed36fb2-054c-40de-bb42-01a74ba516a6/
https://api.robinhood.com/accounts/510093503/,10.92990000,None,2019-05-08T14:46:45.098136Z,5.00000,completed,False,0.00,2019-05-08T14:46:45.266000Z,0e3fb13f-2902-44ec-88b2-9a2b5a40fb4c,https://api.robinhood.com/instruments/1e513292-5926-4dc4-8c3d-4af6b5836704/,None,None,2019-05-08T14:46:45.266000Z,1,False,False,https://api.robinhood.com/accounts/510093503/positions/1e513292-5926-4dc4-8c3d-4af6b5836704/,11.47000000,5.00000,1034f7aa-d567-4e95-b179-8c3e97d43d12,None,unknown,2019-05-10,buy,filled,None,None,SNAP,gfd,immediate,market,2019-05-08T14:46:45.746460Z,https://api.robinhood.com/orders/0e3fb13f-2902-44ec-88b2-9a2b5a40fb4c/
https://api.robinhood.com/accounts/510093503/,137.02000000,None,2019-05-08T14:46:15.707870Z,1.00000,completed,False,0.02,2019-05-08T14:46:15.828000Z,3e33ae8e-9c2b-4213-acf6-98d4f12d0ff1,https://api.robinhood.com/instruments/9c53326c-d07e-4b82-82d2-b108ec5d9530/,None,None,2019-05-08T14:46:15.828000Z,1,False,False,https://api.robinhood.com/accounts/510093503/positions/9c53326c-d07e-4b82-82d2-b108ec5d9530/,None,1.00000,bc1015a6-0452-4997-bb5e-0df76faca267,None,unknown,2019-05-10,sell,filled,None,None,SPOT,gfd,immediate,market,2019-05-08T14:46:16.303451Z,https://api.robinhood.com/orders/3e33ae8e-9c2b-4213-acf6-98d4f12d0ff1/
https://api.robinhood.com/accounts/510093503/,11.14990000,None,2019-05-07T18:49:26.126612Z,5.00000,completed,False,0.00,2019-05-07T18:49:26.276000Z,95b3699b-74c2-4b07-a3be-ea4293687429,https://api.robinhood.com/instruments/1e513292-5926-4dc4-8c3d-4af6b5836704/,None,None,2019-05-07T18:49:26.276000Z,1,False,False,https://api.robinhood.com/accounts/510093503/positions/1e513292-5926-4dc4-8c3d-4af6b5836704/,11.70000000,5.00000,62a15fb6-d98b-4056-935e-bf1076e5d22b,None,unknown,2019-05-09,buy,filled,None,None,SNAP,gfd,immediate,market,2019-05-07T18:49:26.704067Z,https://api.robinhood.com/orders/95b3699b-74c2-4b07-a3be-ea4293687429/
https://api.robinhood.com/accounts/510093503/,11.59990000,None,2019-05-07T15:28:15.245204Z,5.00000,completed,False,0.00,2019-05-07T15:28:15.401000Z,0560758c-3428-4dfa-a183-9021906f38af,https://api.robinhood.com/instruments/1e513292-5926-4dc4-8c3d-4af6b5836704/,None,None,2019-05-07T15:28:15.401000Z,1,False,False,https://api.robinhood.com/accounts/510093503/positions/1e513292-5926-4dc4-8c3d-4af6b5836704/,12.16000000,5.00000,f9565b5e-9d49-4f2b-8cdc-dc8a44b6df2b,None,unknown,2019-05-09,buy,filled,None,None,SNAP,gfd,immediate,market,2019-05-07T15:28:15.882025Z,https://api.robinhood.com/orders/0560758c-3428-4dfa-a183-9021906f38af/
https://api.robinhood.com/accounts/510093503/,136.00000000,None,2019-05-07T13:58:11.311258Z,1.00000,completed,False,0.00,2019-05-07T13:58:11.417000Z,7be6f10e-86f9-4964-b955-4895a3d901de,https://api.robinhood.com/instruments/9c53326c-d07e-4b82-82d2-b108ec5d9530/,None,None,2019-05-07T13:58:11.417000Z,1,False,False,https://api.robinhood.com/accounts/510093503/positions/9c53326c-d07e-4b82-82d2-b108ec5d9530/,142.52000000,1.00000,055dfd21-30a3-4f60-8508-5c50c845b0ec,None,unknown,2019-05-09,buy,filled,None,None,SPOT,gfd,immediate,market,2019-05-07T13:58:11.928660Z,https://api.robinhood.com/orders/7be6f10e-86f9-4964-b955-4895a3d901de/
https://api.robinhood.com/accounts/510093503/,11.79000000,None,2019-05-03T19:59:28.356126Z,3.00000,completed,False,0.02,2019-05-03T19:59:28.533000Z,819f3bf2-580d-4f81-8f52-d67da361e2b4,https://api.robinhood.com/instruments/1e513292-5926-4dc4-8c3d-4af6b5836704/,None,None,2019-05-03T19:59:28.533000Z,1,False,False,https://api.robinhood.com/accounts/510093503/positions/1e513292-5926-4dc4-8c3d-4af6b5836704/,None,3.00000,126c282a-3dd5-4f39-b935-d20c74b33cbf,None,unknown,2019-05-07,sell,filled,None,None,SNAP,gfd,immediate,market,2019-05-03T19:59:29.007313Z,https://api.robinhood.com/orders/819f3bf2-580d-4f81-8f52-d67da361e2b4/
https://api.robinhood.com/accounts/510093503/,11.70000000,None,2019-05-03T18:29:33.188217Z,10.00000,completed,False,0.02,2019-05-03T18:29:33.310000Z,060b3ae9-0854-4b85-b508-2533cde44e91,https://api.robinhood.com/instruments/1e513292-5926-4dc4-8c3d-4af6b5836704/,None,None,2019-05-03T18:29:33.310000Z,1,False,False,https://api.robinhood.com/accounts/510093503/positions/1e513292-5926-4dc4-8c3d-4af6b5836704/,None,10.00000,e3fabdd0-02b7-4454-b43b-b258bc326aa9,None,unknown,2019-05-07,sell,filled,None,None,SNAP,gfd,immediate,market,2019-05-03T18:29:33.760271Z,https://api.robinhood.com/orders/060b3ae9-0854-4b85-b508-2533cde44e91/
https://api.robinhood.com/accounts/510093503/,11.62040000,None,2019-05-03T15:22:53.441132Z,8.00000,completed,False,0.02,2019-05-03T15:22:53.595000Z,a2a2f88a-e386-4277-8a14-6067af635ab9,https://api.robinhood.com/instruments/1e513292-5926-4dc4-8c3d-4af6b5836704/,None,None,2019-05-03T15:22:53.595000Z,1,False,False,https://api.robinhood.com/accounts/510093503/positions/1e513292-5926-4dc4-8c3d-4af6b5836704/,None,8.00000,0a9fd820-ab23-4628-bf79-bbbce56f7ddb,None,success,2019-05-07,sell,filled,None,None,SNAP,gfd,immediate,market,2019-05-03T15:22:54.045946Z,https://api.robinhood.com/orders/a2a2f88a-e386-4277-8a14-6067af635ab9/
https://api.robinhood.com/accounts/510093503/,None,None,2019-04-29T12:25:17.370731Z,0.00000,cancelled,False,0.00,,c90df946-27d2-4ce5-b652-9bb0591a32a1,https://api.robinhood.com/instruments/9c53326c-d07e-4b82-82d2-b108ec5d9530/,None,None,2019-04-29T12:25:27.032726Z,0,False,False,https://api.robinhood.com/accounts/510093503/positions/9c53326c-d07e-4b82-82d2-b108ec5d9530/,None,1.00000,2f2fc40b-dee6-406f-bd84-3e324534df52,None,unknown,,sell,cancelled,None,None,SPOT,gfd,immediate,market,2019-04-29T12:25:27.305055Z,https://api.robinhood.com/orders/c90df946-27d2-4ce5-b652-9bb0591a32a1/
https://api.robinhood.com/accounts/510093503/,10.80000000,None,2019-04-25T13:36:34.607317Z,3.00000,completed,False,0.00,2019-04-25T13:36:34.718000Z,6d2fab79-b8cd-463d-82be-8f7200849989,https://api.robinhood.com/instruments/1e513292-5926-4dc4-8c3d-4af6b5836704/,None,None,2019-04-25T13:36:34.718000Z,1,False,False,https://api.robinhood.com/accounts/510093503/positions/1e513292-5926-4dc4-8c3d-4af6b5836704/,11.32000000,3.00000,77264203-9f94-4205-b1e3-c86012eaa1d8,None,unknown,2019-04-29,buy,filled,None,None,SNAP,gfd,immediate,market,2019-04-25T13:36:35.169374Z,https://api.robinhood.com/orders/6d2fab79-b8cd-463d-82be-8f7200849989/
https://api.robinhood.com/accounts/510093503/,11.31940000,None,2019-04-24T13:44:56.960909Z,10.00000,completed,False,0.00,2019-04-24T13:44:57.082000Z,5728d463-5732-4d02-9525-0b7fe75898e6,https://api.robinhood.com/instruments/1e513292-5926-4dc4-8c3d-4af6b5836704/,None,None,2019-04-24T13:44:57.082000Z,1,False,False,https://api.robinhood.com/accounts/510093503/positions/1e513292-5926-4dc4-8c3d-4af6b5836704/,11.87000000,10.00000,4cde986b-e9d1-489c-9a91-d16b4b939a50,None,unknown,2019-04-26,buy,filled,None,None,SNAP,gfd,immediate,market,2019-04-24T13:44:57.612702Z,https://api.robinhood.com/orders/5728d463-5732-4d02-9525-0b7fe75898e6/
https://api.robinhood.com/accounts/510093503/,11.49000000,None,2019-04-24T13:37:26.962997Z,5.00000,completed,False,0.00,2019-04-24T13:37:27.081000Z,46a8e240-b56a-4e0b-af3c-f159b415dee9,https://api.robinhood.com/instruments/1e513292-5926-4dc4-8c3d-4af6b5836704/,None,None,2019-04-24T13:37:27.081000Z,1,False,False,https://api.robinhood.com/accounts/510093503/positions/1e513292-5926-4dc4-8c3d-4af6b5836704/,12.05000000,5.00000,ddc73f8f-0eed-49d5-b409-2b2b612af030,None,unknown,2019-04-26,buy,filled,None,None,SNAP,gfd,immediate,market,2019-04-24T13:37:27.554614Z,https://api.robinhood.com/orders/46a8e240-b56a-4e0b-af3c-f159b415dee9/
https://api.robinhood.com/accounts/510093503/,12.28000000,None,2019-04-23T20:42:22.088090Z,3.00000,completed,True,0.00,2019-04-23T20:42:22.228000Z,8e74d248-62ce-44d4-9b02-53eaa57ee6c3,https://api.robinhood.com/instruments/1e513292-5926-4dc4-8c3d-4af6b5836704/,None,None,2019-04-23T20:42:22.228000Z,1,False,False,https://api.robinhood.com/accounts/510093503/positions/1e513292-5926-4dc4-8c3d-4af6b5836704/,12.87000000,3.00000,0093d007-4c7b-47e1-bea1-b79f08323f4b,None,unknown,2019-04-25,buy,filled,None,None,SNAP,gfd,immediate,market,2019-04-23T20:42:22.635815Z,https://api.robinhood.com/orders/8e74d248-62ce-44d4-9b02-53eaa57ee6c3/
https://api.robinhood.com/accounts/510093503/,None,None,2019-04-23T20:13:05.831409Z,0.00000,cancelled,False,0.00,,ca3bea63-d0ea-432e-874c-aa4b4bff0c1b,https://api.robinhood.com/instruments/1e513292-5926-4dc4-8c3d-4af6b5836704/,None,None,2019-04-23T20:41:28.487551Z,0,False,False,https://api.robinhood.com/accounts/510093503/positions/1e513292-5926-4dc4-8c3d-4af6b5836704/,None,5.00000,f311d640-f4f1-4d73-8bc8-e32a7ca2e9ef,None,unknown,,sell,cancelled,13.00000000,None,SNAP,gfd,stop,market,2019-04-23T20:41:28.717323Z,https://api.robinhood.com/orders/ca3bea63-d0ea-432e-874c-aa4b4bff0c1b/
https://api.robinhood.com/accounts/510093503/,139.62340000,None,2019-04-23T18:37:11.883347Z,1.00000,completed,False,0.02,2019-04-23T18:37:12.049000Z,4d1ba375-7174-401d-abff-24d638f516b1,https://api.robinhood.com/instruments/9c53326c-d07e-4b82-82d2-b108ec5d9530/,None,None,2019-04-23T18:37:12.049000Z,1,False,False,https://api.robinhood.com/accounts/510093503/positions/9c53326c-d07e-4b82-82d2-b108ec5d9530/,None,1.00000,165c9349-8342-466f-ab0f-49f9bb0e06f0,None,unknown,2019-04-25,sell,filled,None,None,SPOT,gfd,immediate,market,2019-04-23T18:37:12.490941Z,https://api.robinhood.com/orders/4d1ba375-7174-401d-abff-24d638f516b1/
https://api.robinhood.com/accounts/510093503/,12.05010000,None,2019-04-23T14:57:42.164516Z,5.00000,completed,False,0.02,2019-04-23T14:57:42.323000Z,f03269d8-a916-4845-b5f7-504436ab3b16,https://api.robinhood.com/instruments/1e513292-5926-4dc4-8c3d-4af6b5836704/,None,None,2019-04-23T14:57:42.323000Z,1,False,False,https://api.robinhood.com/accounts/510093503/positions/1e513292-5926-4dc4-8c3d-4af6b5836704/,None,5.00000,8cccf2b6-8b82-41f8-9143-1461019b8c8e,None,unknown,2019-04-25,sell,filled,None,None,SNAP,gfd,immediate,market,2019-04-23T14:57:42.779518Z,https://api.robinhood.com/orders/f03269d8-a916-4845-b5f7-504436ab3b16/
https://api.robinhood.com/accounts/510093503/,11.40900000,None,2019-04-22T15:27:16.301007Z,2.00000,completed,False,0.00,2019-04-22T15:27:16.383000Z,454816ca-319d-4b46-8e3b-70af109634c3,https://api.robinhood.com/instruments/1e513292-5926-4dc4-8c3d-4af6b5836704/,None,None,2019-04-22T15:27:16.383000Z,1,False,False,https://api.robinhood.com/accounts/510093503/positions/1e513292-5926-4dc4-8c3d-4af6b5836704/,11.98000000,2.00000,2bfe1bdc-a094-4551-9cac-d308b826f600,None,unknown,2019-04-24,buy,filled,None,None,SNAP,gfd,immediate,market,2019-04-22T15:27:16.759442Z,https://api.robinhood.com/orders/454816ca-319d-4b46-8e3b-70af109634c3/
https://api.robinhood.com/accounts/510093503/,11.45000000,None,2019-04-18T15:21:57.090767Z,3.00000,completed,False,0.00,2019-04-18T15:21:57.213000Z,12bf1c56-2bbb-4b7c-b5bd-24396d28369e,https://api.robinhood.com/instruments/1e513292-5926-4dc4-8c3d-4af6b5836704/,None,None,2019-04-18T15:21:57.213000Z,1,False,False,https://api.robinhood.com/accounts/510093503/positions/1e513292-5926-4dc4-8c3d-4af6b5836704/,12.01000000,3.00000,1426fc85-bf53-48fe-ae94-836ea7f2e244,None,unknown,2019-04-23,buy,filled,None,None,SNAP,gfd,immediate,market,2019-04-18T15:21:57.564603Z,https://api.robinhood.com/orders/12bf1c56-2bbb-4b7c-b5bd-24396d28369e/
https://api.robinhood.com/accounts/510093503/,11.59000000,None,2019-04-16T19:40:45.036836Z,5.00000,completed,False,0.00,2019-04-16T19:40:45.121000Z,4c8e39e4-1772-4e33-b67d-e7251dc0d79e,https://api.robinhood.com/instruments/1e513292-5926-4dc4-8c3d-4af6b5836704/,None,None,2019-04-16T19:40:45.121000Z,1,False,False,https://api.robinhood.com/accounts/510093503/positions/1e513292-5926-4dc4-8c3d-4af6b5836704/,12.17000000,5.00000,fca1667c-1dae-4549-938c-144af5de00bf,None,unknown,2019-04-18,buy,filled,None,None,SNAP,gfd,immediate,market,2019-04-16T19:40:45.532546Z,https://api.robinhood.com/orders/4c8e39e4-1772-4e33-b67d-e7251dc0d79e/
https://api.robinhood.com/accounts/510093503/,137.74000000,None,2019-04-15T14:49:17.315643Z,2.00000,completed,False,0.00,2019-04-15T14:49:17.410000Z,b673f454-0bef-4bb7-abad-ea3be9ce37d3,https://api.robinhood.com/instruments/9c53326c-d07e-4b82-82d2-b108ec5d9530/,None,None,2019-04-15T14:49:17.410000Z,1,False,False,https://api.robinhood.com/accounts/510093503/positions/9c53326c-d07e-4b82-82d2-b108ec5d9530/,144.51000000,2.00000,099afb70-45aa-45f0-aeca-c2b25dada91c,None,unknown,2019-04-17,buy,filled,None,None,SPOT,gfd,immediate,market,2019-04-15T14:49:17.817819Z,https://api.robinhood.com/orders/b673f454-0bef-4bb7-abad-ea3be9ce37d3/
https://api.robinhood.com/accounts/510093503/,145.28620000,None,2019-04-10T18:21:58.013175Z,1.00000,completed,False,0.02,2019-04-10T18:21:58.163000Z,d06a0742-d77d-4aee-847a-d5518507423d,https://api.robinhood.com/instruments/9c53326c-d07e-4b82-82d2-b108ec5d9530/,None,None,2019-04-10T18:21:58.163000Z,1,False,False,https://api.robinhood.com/accounts/510093503/positions/9c53326c-d07e-4b82-82d2-b108ec5d9530/,None,1.00000,498e0b94-e8b3-495a-aff6-6bde55079997,None,unknown,2019-04-12,sell,filled,None,None,SPOT,gfd,immediate,market,2019-04-10T18:21:58.543728Z,https://api.robinhood.com/orders/d06a0742-d77d-4aee-847a-d5518507423d/
https://api.robinhood.com/accounts/510093503/,11.79000000,None,2019-04-10T14:12:38.235157Z,5.00000,completed,False,0.00,2019-04-10T14:12:38.348000Z,eeff8b1c-0505-44d6-9828-29935618d4a3,https://api.robinhood.com/instruments/1e513292-5926-4dc4-8c3d-4af6b5836704/,None,None,2019-04-10T14:12:38.348000Z,1,False,False,https://api.robinhood.com/accounts/510093503/positions/1e513292-5926-4dc4-8c3d-4af6b5836704/,12.36000000,5.00000,c4c92de6-6b97-43b0-83a8-43676acf5af7,None,unknown,2019-04-12,buy,filled,None,None,SNAP,gfd,immediate,market,2019-04-10T14:12:38.777930Z,https://api.robinhood.com/orders/eeff8b1c-0505-44d6-9828-29935618d4a3/
https://api.robinhood.com/accounts/510093503/,143.19290000,None,2019-04-02T19:49:18.354071Z,1.00000,completed,False,0.02,2019-04-02T19:49:18.490000Z,fa04e31f-5161-4ce9-8943-ccf688d8f0ef,https://api.robinhood.com/instruments/9c53326c-d07e-4b82-82d2-b108ec5d9530/,None,None,2019-04-02T19:49:18.490000Z,1,False,False,https://api.robinhood.com/accounts/510093503/positions/9c53326c-d07e-4b82-82d2-b108ec5d9530/,None,1.00000,02189841-be49-4c9a-804e-72c0e73f46c0,None,unknown,2019-04-04,sell,filled,None,None,SPOT,gfd,immediate,market,2019-04-02T19:49:18.914052Z,https://api.robinhood.com/orders/fa04e31f-5161-4ce9-8943-ccf688d8f0ef/
https://api.robinhood.com/accounts/510093503/,133.85330000,None,2019-03-28T13:32:14.018076Z,1.00000,completed,False,0.00,2019-03-28T13:32:14.133000Z,b3388086-fbcb-45ed-a868-4585003aad6a,https://api.robinhood.com/instruments/9c53326c-d07e-4b82-82d2-b108ec5d9530/,None,None,2019-03-28T13:32:14.133000Z,1,False,False,https://api.robinhood.com/accounts/510093503/positions/9c53326c-d07e-4b82-82d2-b108ec5d9530/,140.40000000,1.00000,3c8f9cbd-7dbb-424a-a65e-172f45c5bc7c,None,unknown,2019-04-01,buy,filled,None,None,SPOT,gfd,immediate,market,2019-03-28T13:32:14.560627Z,https://api.robinhood.com/orders/b3388086-fbcb-45ed-a868-4585003aad6a/
https://api.robinhood.com/accounts/510093503/,137.82000000,None,2019-03-26T20:49:45.056600Z,1.00000,completed,True,0.00,2019-03-26T20:49:45.151000Z,52de7a77-18f7-4d31-94a6-676133c42e95,https://api.robinhood.com/instruments/9c53326c-d07e-4b82-82d2-b108ec5d9530/,None,None,2019-03-26T20:49:45.151000Z,1,False,False,https://api.robinhood.com/accounts/510093503/positions/9c53326c-d07e-4b82-82d2-b108ec5d9530/,144.32000000,1.00000,ba30e01f-d260-40fd-9b35-b26b011951e5,None,unknown,2019-03-28,buy,filled,None,None,SPOT,gfd,immediate,market,2019-03-26T20:49:45.510280Z,https://api.robinhood.com/orders/52de7a77-18f7-4d31-94a6-676133c42e95/
https://api.robinhood.com/accounts/510093503/,145.69430000,None,2019-03-11T16:12:44.760577Z,1.00000,completed,False,0.02,2019-03-11T16:12:44.896000Z,e1dd27a4-1ac7-4af4-ae65-be7b54eda3a8,https://api.robinhood.com/instruments/9c53326c-d07e-4b82-82d2-b108ec5d9530/,None,None,2019-03-11T16:12:44.896000Z,1,False,False,https://api.robinhood.com/accounts/510093503/positions/9c53326c-d07e-4b82-82d2-b108ec5d9530/,None,1.00000,06cf366d-de02-48be-a97e-a2b1bc7b42c1,None,unknown,2019-03-13,sell,filled,None,None,SPOT,gfd,immediate,market,2019-03-11T16:12:45.247359Z,https://api.robinhood.com/orders/e1dd27a4-1ac7-4af4-ae65-be7b54eda3a8/
https://api.robinhood.com/accounts/510093503/,138.92480000,None,2019-03-07T19:55:54.145601Z,2.00000,completed,False,0.00,2019-03-07T19:55:54.313000Z,8e1a939d-bdb8-4fb4-95da-a3378b11fd04,https://api.robinhood.com/instruments/9c53326c-d07e-4b82-82d2-b108ec5d9530/,None,None,2019-03-07T19:55:54.313000Z,1,False,False,https://api.robinhood.com/accounts/510093503/positions/9c53326c-d07e-4b82-82d2-b108ec5d9530/,145.72000000,2.00000,453b20c9-3147-463e-89da-3d23f7fc6103,None,unknown,2019-03-11,buy,filled,None,None,SPOT,gfd,immediate,market,2019-03-07T19:55:54.631012Z,https://api.robinhood.com/orders/8e1a939d-bdb8-4fb4-95da-a3378b11fd04/
https://api.robinhood.com/accounts/510093503/,142.04370000,None,2019-03-07T17:21:28.331938Z,1.00000,completed,False,0.00,2019-03-07T17:21:28.496000Z,da713092-6b02-40ad-ade9-f495bbb569f5,https://api.robinhood.com/instruments/9c53326c-d07e-4b82-82d2-b108ec5d9530/,None,None,2019-03-07T17:21:28.496000Z,1,False,False,https://api.robinhood.com/accounts/510093503/positions/9c53326c-d07e-4b82-82d2-b108ec5d9530/,149.02000000,1.00000,a6bae08c-214b-4fdf-b7c6-d4a29abcb9bf,None,unknown,2019-03-11,buy,filled,None,None,SPOT,gfd,immediate,market,2019-03-07T17:21:28.832656Z,https://api.robinhood.com/orders/da713092-6b02-40ad-ade9-f495bbb569f5/
https://api.robinhood.com/accounts/510093503/,146.16280000,None,2019-03-06T17:33:00.223851Z,1.00000,completed,False,0.02,2019-03-06T17:33:00.378000Z,b8694e55-4b70-4351-9c7d-f8b551beba50,https://api.robinhood.com/instruments/9c53326c-d07e-4b82-82d2-b108ec5d9530/,None,None,2019-03-06T17:33:00.378000Z,1,False,False,https://api.robinhood.com/accounts/510093503/positions/9c53326c-d07e-4b82-82d2-b108ec5d9530/,None,1.00000,84dc3c4a-f421-4ba4-9e5c-7b57f536c143,None,unknown,2019-03-08,sell,filled,None,None,SPOT,gfd,immediate,market,2019-03-06T17:33:00.747160Z,https://api.robinhood.com/orders/b8694e55-4b70-4351-9c7d-f8b551beba50/
https://api.robinhood.com/accounts/510093503/,143.43740000,None,2019-03-05T15:17:17.349961Z,1.00000,completed,False,0.02,2019-03-05T15:17:17.518000Z,c928521c-332f-4291-87d7-06de81e4d78a,https://api.robinhood.com/instruments/9c53326c-d07e-4b82-82d2-b108ec5d9530/,None,None,2019-03-05T15:17:17.518000Z,1,False,False,https://api.robinhood.com/accounts/510093503/positions/9c53326c-d07e-4b82-82d2-b108ec5d9530/,None,1.00000,84aba405-784a-4cc2-9bdc-99624481212a,None,unknown,2019-03-07,sell,filled,None,None,SPOT,gfd,immediate,market,2019-03-05T15:17:17.880651Z,https://api.robinhood.com/orders/c928521c-332f-4291-87d7-06de81e4d78a/
https://api.robinhood.com/accounts/510093503/,138.48600000,None,2019-03-04T15:10:01.795959Z,3.00000,completed,False,0.00,2019-03-04T15:10:01.959000Z,2af1d5f9-3691-48ae-bef1-0f24bd9259df,https://api.robinhood.com/instruments/9c53326c-d07e-4b82-82d2-b108ec5d9530/,None,None,2019-03-04T15:10:01.959000Z,1,False,False,https://api.robinhood.com/accounts/510093503/positions/9c53326c-d07e-4b82-82d2-b108ec5d9530/,145.35000000,3.00000,4f6686d5-5cf0-4ff7-b5f9-1b8a7d4fd5d7,None,unknown,2019-03-06,buy,filled,None,None,SPOT,gfd,immediate,market,2019-03-04T15:10:02.282718Z,https://api.robinhood.com/orders/2af1d5f9-3691-48ae-bef1-0f24bd9259df/
https://api.robinhood.com/accounts/510093503/,None,None,2019-02-22T01:15:03.738985Z,0.00000,cancelled,False,0.00,,b732fdea-f5d0-48ad-8450-d8068ae72d5e,https://api.robinhood.com/instruments/945171ce-029a-4032-b46e-c34c5c2ffda0/,None,None,2019-02-22T01:15:16.927543Z,0,False,False,https://api.robinhood.com/accounts/510093503/positions/945171ce-029a-4032-b46e-c34c5c2ffda0/,24.25000000,10.00000,b28e8d18-adc4-46e9-85cc-0487c66a9b8e,None,unknown,,buy,cancelled,None,None,DBX,gfd,immediate,market,2019-02-22T01:15:17.184454Z,https://api.robinhood.com/orders/b732fdea-f5d0-48ad-8450-d8068ae72d5e/
https://api.robinhood.com/accounts/510093503/,154.67000000,None,2019-02-06T17:46:18.191322Z,2.00000,completed,False,0.02,2019-02-06T17:46:18.324000Z,330b6359-33b7-4870-b8ed-95b2cad07592,https://api.robinhood.com/instruments/a4ecd608-e7b4-4ff3-afa5-f77ae7632dfb/,None,None,2019-02-06T17:46:18.324000Z,1,False,False,https://api.robinhood.com/accounts/510093503/positions/a4ecd608-e7b4-4ff3-afa5-f77ae7632dfb/,None,2.00000,69873cda-2310-483c-bc43-71fe3ff748e0,None,unknown,2019-02-08,sell,filled,None,None,NVDA,gfd,immediate,market,2019-02-06T17:46:18.674145Z,https://api.robinhood.com/orders/330b6359-33b7-4870-b8ed-95b2cad07592/
https://api.robinhood.com/accounts/510093503/,140.35050000,None,2019-01-31T15:18:41.248108Z,1.00000,completed,False,0.02,2019-01-31T15:18:41.353000Z,52963451-4a9f-402b-9d7b-955a052e236b,https://api.robinhood.com/instruments/a4ecd608-e7b4-4ff3-afa5-f77ae7632dfb/,None,None,2019-01-31T15:18:41.353000Z,1,False,False,https://api.robinhood.com/accounts/510093503/positions/a4ecd608-e7b4-4ff3-afa5-f77ae7632dfb/,None,1.00000,e456b99c-bf9c-4f7c-b237-d16fbfb5faa2,None,unknown,2019-02-04,sell,filled,None,None,NVDA,gfd,immediate,market,2019-01-31T15:18:41.644375Z,https://api.robinhood.com/orders/52963451-4a9f-402b-9d7b-955a052e236b/
https://api.robinhood.com/accounts/510093503/,139.59280000,None,2019-01-31T15:04:14.522825Z,1.00000,completed,False,0.02,2019-01-31T15:04:14.701000Z,3e59dfba-891d-4413-b923-21f9c0b931e1,https://api.robinhood.com/instruments/9c53326c-d07e-4b82-82d2-b108ec5d9530/,None,None,2019-01-31T15:04:14.701000Z,1,False,False,https://api.robinhood.com/accounts/510093503/positions/9c53326c-d07e-4b82-82d2-b108ec5d9530/,None,1.00000,66849a46-fe84-46c1-aba3-d6d7098becec,None,unknown,2019-02-04,sell,filled,None,None,SPOT,gfd,immediate,market,2019-01-31T15:04:15.071971Z,https://api.robinhood.com/orders/3e59dfba-891d-4413-b923-21f9c0b931e1/
https://api.robinhood.com/accounts/510093503/,135.36910000,None,2019-01-28T19:14:11.492147Z,1.00000,completed,False,0.00,2019-01-28T19:14:11.594000Z,28ba93ee-0344-4c25-b920-8dca77d69aaf,https://api.robinhood.com/instruments/a4ecd608-e7b4-4ff3-afa5-f77ae7632dfb/,None,None,2019-01-28T19:14:11.594000Z,1,False,False,https://api.robinhood.com/accounts/510093503/positions/a4ecd608-e7b4-4ff3-afa5-f77ae7632dfb/,142.11000000,1.00000,ed1173f6-b5e5-4dca-a8bf-ea8e88d33532,None,unknown,2019-01-30,buy,filled,None,None,NVDA,gfd,immediate,market,2019-01-28T19:14:11.847490Z,https://api.robinhood.com/orders/28ba93ee-0344-4c25-b920-8dca77d69aaf/
https://api.robinhood.com/accounts/510093503/,137.26000000,None,2019-01-28T14:31:09.890687Z,1.00000,completed,False,0.00,2019-01-28T14:31:10.908000Z,d47d8cef-db54-46b5-adfe-b4e6d4ab161b,https://api.robinhood.com/instruments/a4ecd608-e7b4-4ff3-afa5-f77ae7632dfb/,None,None,2019-01-28T14:31:10.908000Z,1,False,False,https://api.robinhood.com/accounts/510093503/positions/a4ecd608-e7b4-4ff3-afa5-f77ae7632dfb/,143.98000000,1.00000,20ab296f-4f6c-46db-8efd-248947b381cf,None,unknown,2019-01-30,buy,filled,None,None,NVDA,gfd,immediate,market,2019-01-28T14:31:31.896756Z,https://api.robinhood.com/orders/d47d8cef-db54-46b5-adfe-b4e6d4ab161b/
https://api.robinhood.com/accounts/510093503/,None,None,2019-01-25T19:51:14.552608Z,0.00000,cancelled,False,0.00,,ff59ba39-a015-4bf7-8166-8a96a352e6e8,https://api.robinhood.com/instruments/a4ecd608-e7b4-4ff3-afa5-f77ae7632dfb/,None,None,2019-01-25T21:16:31.167073Z,0,False,False,https://api.robinhood.com/accounts/510093503/positions/a4ecd608-e7b4-4ff3-afa5-f77ae7632dfb/,153.00000000,1.00000,502dcb26-c948-412f-9bad-d7299ef7321e,None,unknown,,sell,cancelled,155.00000000,None,NVDA,gtc,stop,limit,2019-01-25T21:16:31.526504Z,https://api.robinhood.com/orders/ff59ba39-a015-4bf7-8166-8a96a352e6e8/
https://api.robinhood.com/accounts/510093503/,157.00200000,None,2019-01-24T14:55:25.482045Z,1.00000,completed,False,0.02,2019-01-24T14:55:25.628000Z,ffeafba8-c3d5-4b95-a42d-fac57b826c63,https://api.robinhood.com/instruments/a4ecd608-e7b4-4ff3-afa5-f77ae7632dfb/,None,None,2019-01-24T14:55:25.628000Z,1,False,False,https://api.robinhood.com/accounts/510093503/positions/a4ecd608-e7b4-4ff3-afa5-f77ae7632dfb/,None,1.00000,da831b33-efd4-4a61-a56b-b513b2d3d4ea,None,unknown,2019-01-28,sell,filled,None,None,NVDA,gfd,immediate,market,2019-01-24T14:55:25.852229Z,https://api.robinhood.com/orders/ffeafba8-c3d5-4b95-a42d-fac57b826c63/
https://api.robinhood.com/accounts/510093503/,147.72850000,None,2019-01-22T19:48:51.169280Z,1.00000,completed,False,0.00,2019-01-22T19:48:51.287000Z,b458a793-ad65-4717-a2c8-2dc147a4fd3d,https://api.robinhood.com/instruments/a4ecd608-e7b4-4ff3-afa5-f77ae7632dfb/,None,None,2019-01-22T19:48:51.287000Z,1,False,False,https://api.robinhood.com/accounts/510093503/positions/a4ecd608-e7b4-4ff3-afa5-f77ae7632dfb/,155.01000000,1.00000,668a6e6c-204c-483c-90ca-05dc34429334,None,unknown,2019-01-24,buy,filled,None,None,NVDA,gfd,immediate,market,2019-01-22T19:48:51.521640Z,https://api.robinhood.com/orders/b458a793-ad65-4717-a2c8-2dc147a4fd3d/
https://api.robinhood.com/accounts/510093503/,148.71990000,None,2019-01-22T19:37:31.462608Z,1.00000,completed,False,0.00,2019-01-22T19:37:31.592000Z,3b7a3163-851a-4fa6-8f5a-1ece7e603552,https://api.robinhood.com/instruments/a4ecd608-e7b4-4ff3-afa5-f77ae7632dfb/,None,None,2019-01-22T19:37:31.592000Z,1,False,False,https://api.robinhood.com/accounts/510093503/positions/a4ecd608-e7b4-4ff3-afa5-f77ae7632dfb/,156.18000000,1.00000,b475a645-f9f3-49a0-966e-d884ab388eea,None,unknown,2019-01-24,buy,filled,None,None,NVDA,gfd,immediate,market,2019-01-22T19:37:31.950901Z,https://api.robinhood.com/orders/3b7a3163-851a-4fa6-8f5a-1ece7e603552/
https://api.robinhood.com/accounts/510093503/,155.87090000,None,2019-01-18T15:41:38.417007Z,1.00000,completed,False,0.02,2019-01-18T15:41:38.647000Z,55987e6b-e720-4422-b51a-d7ba0b19fd09,https://api.robinhood.com/instruments/a4ecd608-e7b4-4ff3-afa5-f77ae7632dfb/,None,None,2019-01-18T15:41:38.647000Z,1,False,False,https://api.robinhood.com/accounts/510093503/positions/a4ecd608-e7b4-4ff3-afa5-f77ae7632dfb/,None,1.00000,402fdc4d-e947-474a-9800-e4d57da6aa6f,None,unknown,2019-01-23,sell,filled,None,None,NVDA,gfd,immediate,market,2019-01-18T15:41:38.883692Z,https://api.robinhood.com/orders/55987e6b-e720-4422-b51a-d7ba0b19fd09/
https://api.robinhood.com/accounts/510093503/,154.94010000,None,2019-01-18T15:27:43.855337Z,1.00000,completed,False,0.02,2019-01-18T15:27:44.023000Z,19498dea-a54e-4acd-a57b-65ca970bcb68,https://api.robinhood.com/instruments/a4ecd608-e7b4-4ff3-afa5-f77ae7632dfb/,None,None,2019-01-18T15:27:44.023000Z,1,False,False,https://api.robinhood.com/accounts/510093503/positions/a4ecd608-e7b4-4ff3-afa5-f77ae7632dfb/,None,1.00000,9f0cfe0a-d4d8-4450-811c-4a404eb22120,None,unknown,2019-01-23,sell,filled,None,None,NVDA,gfd,immediate,market,2019-01-18T15:27:44.273368Z,https://api.robinhood.com/orders/19498dea-a54e-4acd-a57b-65ca970bcb68/
https://api.robinhood.com/accounts/510093503/,None,None,2019-01-17T20:26:03.103499Z,0.00000,cancelled,True,0.00,,0c3bdf91-4f55-4185-ae8b-f7cd9667842f,https://api.robinhood.com/instruments/a4ecd608-e7b4-4ff3-afa5-f77ae7632dfb/,None,None,2019-01-17T23:00:01.736000Z,0,False,False,https://api.robinhood.com/accounts/510093503/positions/a4ecd608-e7b4-4ff3-afa5-f77ae7632dfb/,154.00000000,1.00000,2295d53d-d3da-4232-bb98-6013e7a3a491,None,end_of_day,,sell,cancelled,None,None,NVDA,gfd,immediate,limit,2019-01-17T23:00:04.294735Z,https://api.robinhood.com/orders/0c3bdf91-4f55-4185-ae8b-f7cd9667842f/
https://api.robinhood.com/accounts/510093503/,149.30960000,None,2019-01-16T18:36:45.572743Z,1.00000,completed,False,0.00,2019-01-16T18:36:45.720000Z,007f069d-3634-48f8-8b87-543a5537abe2,https://api.robinhood.com/instruments/a4ecd608-e7b4-4ff3-afa5-f77ae7632dfb/,None,None,2019-01-16T18:36:45.720000Z,1,False,False,https://api.robinhood.com/accounts/510093503/positions/a4ecd608-e7b4-4ff3-afa5-f77ae7632dfb/,150.00000000,1.00000,9e8088a2-8f41-465f-890c-a0fe801b0e67,None,unknown,2019-01-18,buy,filled,None,None,NVDA,gfd,immediate,limit,2019-01-16T18:36:45.967774Z,https://api.robinhood.com/orders/007f069d-3634-48f8-8b87-543a5537abe2/
https://api.robinhood.com/accounts/510093503/,150.49000000,None,2019-01-16T14:32:55.393114Z,1.00000,completed,False,0.00,2019-01-16T14:32:55.646000Z,f069d4bc-1f4d-4bf2-879d-67c08c211ff9,https://api.robinhood.com/instruments/a4ecd608-e7b4-4ff3-afa5-f77ae7632dfb/,None,None,2019-01-16T14:32:55.646000Z,1,False,False,https://api.robinhood.com/accounts/510093503/positions/a4ecd608-e7b4-4ff3-afa5-f77ae7632dfb/,157.88000000,1.00000,6d7dd1bb-8810-4290-a2c8-b581e922a9ac,None,unknown,2019-01-18,buy,filled,None,None,NVDA,gfd,immediate,market,2019-01-16T14:32:57.119261Z,https://api.robinhood.com/orders/f069d4bc-1f4d-4bf2-879d-67c08c211ff9/
https://api.robinhood.com/accounts/510093503/,114.41850000,None,2019-01-07T14:40:17.397070Z,1.00000,completed,False,0.00,2019-01-07T14:40:17.516000Z,cb504e7a-b6e2-4929-a1b1-5e8c91d93c48,https://api.robinhood.com/instruments/9c53326c-d07e-4b82-82d2-b108ec5d9530/,None,None,2019-01-07T14:40:17.516000Z,1,False,False,https://api.robinhood.com/accounts/510093503/positions/9c53326c-d07e-4b82-82d2-b108ec5d9530/,119.89000000,1.00000,e38ba2d3-5de2-456f-8bc3-ba6f55d65d28,None,unknown,2019-01-09,buy,filled,None,None,SPOT,gfd,immediate,market,2019-01-07T14:40:17.790082Z,https://api.robinhood.com/orders/cb504e7a-b6e2-4929-a1b1-5e8c91d93c48/
https://api.robinhood.com/accounts/510093503/,13.56440000,None,2019-01-04T15:53:34.577179Z,1.00000,completed,False,0.02,2019-01-04T15:53:34.792000Z,eee1af6e-662e-4e5d-be8f-fbfdd7375081,https://api.robinhood.com/instruments/c63fcc17-a22c-4cb4-aeca-d37204e5f6b2/,None,None,2019-01-04T15:53:34.792000Z,1,False,False,https://api.robinhood.com/accounts/510093503/positions/c63fcc17-a22c-4cb4-aeca-d37204e5f6b2/,None,1.00000,14000090-037e-4e7a-b5e0-19e1f21bfd6c,None,unknown,2019-01-08,sell,filled,None,None,CWH,gfd,immediate,market,2019-01-04T15:53:35.020205Z,https://api.robinhood.com/orders/eee1af6e-662e-4e5d-be8f-fbfdd7375081/
https://api.robinhood.com/accounts/510093503/,21.29200000,None,2019-01-04T15:53:06.242310Z,1.00000,completed,False,0.02,2019-01-04T15:53:06.422000Z,68ba44a6-58cb-470a-a169-d06a428654c1,https://api.robinhood.com/instruments/945171ce-029a-4032-b46e-c34c5c2ffda0/,None,None,2019-01-04T15:53:06.422000Z,1,False,False,https://api.robinhood.com/accounts/510093503/positions/945171ce-029a-4032-b46e-c34c5c2ffda0/,None,1.00000,aba1561b-35ff-4fb9-941a-a3789b26f235,None,unknown,2019-01-08,sell,filled,None,None,DBX,gfd,immediate,market,2019-01-04T15:53:06.688191Z,https://api.robinhood.com/orders/68ba44a6-58cb-470a-a169-d06a428654c1/
https://api.robinhood.com/accounts/510093503/,118.53760000,None,2019-01-04T15:52:10.176560Z,1.00000,completed,False,0.02,2019-01-04T15:52:10.418000Z,cf5397ee-977a-44ba-8285-38cbe71edb9c,https://api.robinhood.com/instruments/9c53326c-d07e-4b82-82d2-b108ec5d9530/,None,None,2019-01-04T15:52:10.418000Z,1,False,False,https://api.robinhood.com/accounts/510093503/positions/9c53326c-d07e-4b82-82d2-b108ec5d9530/,None,1.00000,b0670558-48da-442f-a23a-374eaad4346c,None,unknown,2019-01-08,sell,filled,None,None,SPOT,gfd,immediate,market,2019-01-04T15:52:10.644205Z,https://api.robinhood.com/orders/cf5397ee-977a-44ba-8285-38cbe71edb9c/
https://api.robinhood.com/accounts/510093503/,None,None,2019-01-03T17:30:32.070322Z,0.00000,cancelled,True,0.00,,1875333f-4008-4d84-9ace-1a62c3fe25f7,https://api.robinhood.com/instruments/39ff611b-84e7-425b-bfb8-6fe2a983fcf3/,None,None,2019-01-03T23:00:03.079000Z,0,False,False,https://api.robinhood.com/accounts/510093503/positions/39ff611b-84e7-425b-bfb8-6fe2a983fcf3/,7.50000000,3.00000,e44d5060-ab69-4077-9bf6-dd3717dc78e7,None,end_of_day,,buy,cancelled,None,None,GE,gfd,immediate,limit,2019-01-03T23:00:12.379460Z,https://api.robinhood.com/orders/1875333f-4008-4d84-9ace-1a62c3fe25f7/
https://api.robinhood.com/accounts/510093503/,8.10000000,None,2019-01-03T17:29:58.147518Z,1.00000,completed,False,0.02,2019-01-03T17:29:58.360000Z,4bcfd1b5-bf8a-4718-9add-14c256bd1d0c,https://api.robinhood.com/instruments/39ff611b-84e7-425b-bfb8-6fe2a983fcf3/,None,None,2019-01-03T17:29:58.360000Z,1,False,False,https://api.robinhood.com/accounts/510093503/positions/39ff611b-84e7-425b-bfb8-6fe2a983fcf3/,None,1.00000,30fb4b86-6ffe-45cd-a3cb-7489aa8c18ad,None,unknown,2019-01-07,sell,filled,None,None,GE,gfd,immediate,market,2019-01-03T17:29:58.582348Z,https://api.robinhood.com/orders/4bcfd1b5-bf8a-4718-9add-14c256bd1d0c/
https://api.robinhood.com/accounts/510093503/,13.00010000,None,2019-01-03T17:29:30.108742Z,1.00000,completed,False,0.02,2019-01-03T17:29:30.365000Z,fe61fefc-6234-4b38-853d-c56f31ad8980,https://api.robinhood.com/instruments/c63fcc17-a22c-4cb4-aeca-d37204e5f6b2/,None,None,2019-01-03T17:29:30.365000Z,1,False,False,https://api.robinhood.com/accounts/510093503/positions/c63fcc17-a22c-4cb4-aeca-d37204e5f6b2/,None,1.00000,afa42d51-ad5a-4b79-a730-5dc2df3c21ee,None,unknown,2019-01-07,sell,filled,None,None,CWH,gfd,immediate,market,2019-01-03T17:29:30.622529Z,https://api.robinhood.com/orders/fe61fefc-6234-4b38-853d-c56f31ad8980/
https://api.robinhood.com/accounts/510093503/,None,None,2019-01-03T17:28:37.916615Z,0.00000,cancelled,True,0.00,,4a6245d6-0a1d-41b4-bb1b-62614d6b82c2,https://api.robinhood.com/instruments/945171ce-029a-4032-b46e-c34c5c2ffda0/,None,None,2019-01-03T23:00:10.148000Z,0,False,False,https://api.robinhood.com/accounts/510093503/positions/945171ce-029a-4032-b46e-c34c5c2ffda0/,21.00000000,1.00000,856ee319-35d1-4e5e-88f7-350a187a09d8,None,end_of_day,,sell,cancelled,None,None,DBX,gfd,immediate,limit,2019-01-03T23:00:30.784557Z,https://api.robinhood.com/orders/4a6245d6-0a1d-41b4-bb1b-62614d6b82c2/
https://api.robinhood.com/accounts/510093503/,112.71040000,None,2019-01-02T17:22:44.337456Z,1.00000,completed,False,0.00,2019-01-02T17:22:44.448000Z,d89b20e8-e08f-4acd-a681-067695be9cec,https://api.robinhood.com/instruments/9c53326c-d07e-4b82-82d2-b108ec5d9530/,None,None,2019-01-02T17:22:44.448000Z,1,False,False,https://api.robinhood.com/accounts/510093503/positions/9c53326c-d07e-4b82-82d2-b108ec5d9530/,118.05000000,1.00000,614c88fd-afb8-4469-af97-bca769d97eab,None,unknown,2019-01-04,buy,filled,None,None,SPOT,gfd,immediate,market,2019-01-02T17:22:44.736677Z,https://api.robinhood.com/orders/d89b20e8-e08f-4acd-a681-067695be9cec/
https://api.robinhood.com/accounts/510093503/,11.77010000,None,2019-01-02T14:52:55.114061Z,2.00000,completed,False,0.02,2019-01-02T14:52:55.289000Z,7ab69671-b7b2-49d0-8671-acceb5c94f0f,https://api.robinhood.com/instruments/c63fcc17-a22c-4cb4-aeca-d37204e5f6b2/,None,None,2019-01-02T14:52:55.289000Z,1,False,False,https://api.robinhood.com/accounts/510093503/positions/c63fcc17-a22c-4cb4-aeca-d37204e5f6b2/,None,2.00000,3d931ce7-1a35-41c6-a705-942c0208a49e,None,unknown,2019-01-04,sell,filled,None,None,CWH,gfd,immediate,market,2019-01-02T14:52:55.567316Z,https://api.robinhood.com/orders/7ab69671-b7b2-49d0-8671-acceb5c94f0f/
https://api.robinhood.com/accounts/510093503/,20.52800000,None,2018-12-31T15:30:58.512878Z,1.00000,completed,False,0.00,2018-12-31T15:30:58.665000Z,b2b1fcd7-bdc7-4832-8eff-78936e59d70c,https://api.robinhood.com/instruments/945171ce-029a-4032-b46e-c34c5c2ffda0/,None,None,2018-12-31T15:30:58.665000Z,1,False,False,https://api.robinhood.com/accounts/510093503/positions/945171ce-029a-4032-b46e-c34c5c2ffda0/,21.56000000,1.00000,7274c028-36ce-4aad-a222-5bfb94e81ba4,None,unknown,2019-01-03,buy,filled,None,None,DBX,gfd,immediate,market,2018-12-31T15:30:58.874688Z,https://api.robinhood.com/orders/b2b1fcd7-bdc7-4832-8eff-78936e59d70c/
https://api.robinhood.com/accounts/510093503/,12.05910000,None,2018-12-31T14:38:09.027244Z,2.00000,completed,False,0.00,2018-12-31T14:38:09.176000Z,521df9b9-d6a1-4cd5-8b91-9e92dd03ae93,https://api.robinhood.com/instruments/c63fcc17-a22c-4cb4-aeca-d37204e5f6b2/,None,None,2018-12-31T14:38:09.176000Z,1,False,False,https://api.robinhood.com/accounts/510093503/positions/c63fcc17-a22c-4cb4-aeca-d37204e5f6b2/,12.63000000,2.00000,c1be2c09-6694-4045-a5c5-198ba6584e7d,None,unknown,2019-01-03,buy,filled,None,None,CWH,gfd,immediate,market,2018-12-31T14:38:09.414062Z,https://api.robinhood.com/orders/521df9b9-d6a1-4cd5-8b91-9e92dd03ae93/
https://api.robinhood.com/accounts/510093503/,None,None,2018-12-28T18:26:13.120398Z,0.00000,cancelled,True,0.00,,4a7ed003-2767-4068-99e9-af879d52a0ff,https://api.robinhood.com/instruments/945171ce-029a-4032-b46e-c34c5c2ffda0/,None,None,2018-12-28T23:00:03.652000Z,0,False,False,https://api.robinhood.com/accounts/510093503/positions/945171ce-029a-4032-b46e-c34c5c2ffda0/,20.50000000,1.00000,0a434c7b-2735-483f-b5d8-eb6f9076d4b1,None,end_of_day,,buy,cancelled,None,None,DBX,gfd,immediate,limit,2018-12-28T23:00:12.617578Z,https://api.robinhood.com/orders/4a7ed003-2767-4068-99e9-af879d52a0ff/
https://api.robinhood.com/accounts/510093503/,None,None,2018-12-28T18:25:32.619421Z,0.00000,cancelled,True,0.00,,1ec77e8d-cf35-46ef-9e85-2be5bc8ae217,https://api.robinhood.com/instruments/c63fcc17-a22c-4cb4-aeca-d37204e5f6b2/,None,None,2018-12-28T23:00:03.682000Z,0,False,False,https://api.robinhood.com/accounts/510093503/positions/c63fcc17-a22c-4cb4-aeca-d37204e5f6b2/,12.00000000,1.00000,80b5f078-357e-48db-8268-8e2f72a52c91,None,end_of_day,,buy,cancelled,None,None,CWH,gfd,immediate,limit,2018-12-28T23:00:10.808629Z,https://api.robinhood.com/orders/1ec77e8d-cf35-46ef-9e85-2be5bc8ae217/
https://api.robinhood.com/accounts/510093503/,None,None,2018-12-26T21:13:20.673367Z,0.00000,cancelled,True,0.00,,b660b89c-9c7d-4eb1-a022-930b58b10b96,https://api.robinhood.com/instruments/945171ce-029a-4032-b46e-c34c5c2ffda0/,None,None,2018-12-26T23:00:02.106000Z,0,False,False,https://api.robinhood.com/accounts/510093503/positions/945171ce-029a-4032-b46e-c34c5c2ffda0/,19.40000000,1.00000,bd66b011-694c-4beb-8f69-143ba715bc4b,None,end_of_day,,buy,cancelled,None,None,DBX,gfd,immediate,limit,2018-12-26T23:00:10.762380Z,https://api.robinhood.com/orders/b660b89c-9c7d-4eb1-a022-930b58b10b96/
https://api.robinhood.com/accounts/510093503/,11.63250000,None,2018-12-26T14:27:47.441016Z,2.00000,completed,True,0.00,2018-12-26T14:27:47.830000Z,b28edf6e-2114-41fd-87c0-b8eee501515b,https://api.robinhood.com/instruments/c63fcc17-a22c-4cb4-aeca-d37204e5f6b2/,None,None,2018-12-26T14:27:47.830000Z,1,False,False,https://api.robinhood.com/accounts/510093503/positions/c63fcc17-a22c-4cb4-aeca-d37204e5f6b2/,11.98000000,2.00000,bf1320bf-6f1c-45fa-83f0-009cde5ea760,None,unknown,2018-12-28,buy,filled,None,None,CWH,gfd,immediate,market,2018-12-26T14:27:48.049426Z,https://api.robinhood.com/orders/b28edf6e-2114-41fd-87c0-b8eee501515b/
